<?xml version="1.0" encoding="UTF-8"?>
<project-private xmlns="http://www.netbeans.org/ns/project-private/1">
    <editor-bookmarks xmlns="http://www.netbeans.org/ns/editor-bookmarks/2" lastBookmarkId="0"/>
    <open-files xmlns="http://www.netbeans.org/ns/projectui-open-files/2">
        <group>
            <file>file:/C:/Users/José%20Araujo/Desktop/interfaz%20JEAN/src/ventanas/Productos.java</file>
            <file>file:/C:/Users/José%20Araujo/Desktop/interfaz%20JEAN/src/ventanas/DatosGenerales.java</file>
            <file>file:/C:/Users/José%20Araujo/Desktop/interfaz%20JEAN/src/ventanas/TratamientoNutricional.java</file>
            <file>file:/C:/Users/José%20Araujo/Desktop/interfaz%20JEAN/src/ventanas/RegistroNutricional.java</file>
            <file>file:/C:/Users/José%20Araujo/Desktop/interfaz%20JEAN/src/ventanas/RegistroProductos.java</file>
            <file>file:/C:/Users/José%20Araujo/Desktop/interfaz%20JEAN/src/ventanas/Conexion.java</file>
            <file>file:/C:/Users/José%20Araujo/Desktop/interfaz%20JEAN/src/ventanas/RegistroMedidasCorporales.java</file>
            <file>file:/C:/Users/José%20Araujo/Desktop/interfaz%20JEAN/src/ventanas/MetodoComunes.java</file>
        </group>
    </open-files>
</project-private>
